epoch,edge_final_output_loss,edge_final_output_mean_io_u,edge_side_output_1_loss,edge_side_output_1_mean_io_u,edge_side_output_2_loss,edge_side_output_2_mean_io_u,edge_side_output_3_loss,edge_side_output_3_mean_io_u,edge_side_output_4_loss,edge_side_output_4_mean_io_u,line_final_output_loss,line_final_output_mean_io_u,line_side_output_1_loss,line_side_output_1_mean_io_u,line_side_output_2_loss,line_side_output_2_mean_io_u,line_side_output_3_loss,line_side_output_3_mean_io_u,line_side_output_4_loss,line_side_output_4_mean_io_u,loss,surface_final_output_loss,surface_final_output_mean_io_u,surface_side_output_1_loss,surface_side_output_1_mean_io_u,surface_side_output_2_loss,surface_side_output_2_mean_io_u,surface_side_output_3_loss,surface_side_output_3_mean_io_u,surface_side_output_4_loss,surface_side_output_4_mean_io_u,surface_side_output_5_loss,surface_side_output_5_mean_io_u,val_edge_final_output_loss,val_edge_final_output_mean_io_u,val_edge_side_output_1_loss,val_edge_side_output_1_mean_io_u,val_edge_side_output_2_loss,val_edge_side_output_2_mean_io_u,val_edge_side_output_3_loss,val_edge_side_output_3_mean_io_u,val_edge_side_output_4_loss,val_edge_side_output_4_mean_io_u,val_line_final_output_loss,val_line_final_output_mean_io_u,val_line_side_output_1_loss,val_line_side_output_1_mean_io_u,val_line_side_output_2_loss,val_line_side_output_2_mean_io_u,val_line_side_output_3_loss,val_line_side_output_3_mean_io_u,val_line_side_output_4_loss,val_line_side_output_4_mean_io_u,val_loss,val_surface_final_output_loss,val_surface_final_output_mean_io_u,val_surface_side_output_1_loss,val_surface_side_output_1_mean_io_u,val_surface_side_output_2_loss,val_surface_side_output_2_mean_io_u,val_surface_side_output_3_loss,val_surface_side_output_3_mean_io_u,val_surface_side_output_4_loss,val_surface_side_output_4_mean_io_u,val_surface_side_output_5_loss,val_surface_side_output_5_mean_io_u
0,0.04633358120918274,0.4939417243003845,0.02713518775999546,0.4939730167388916,0.016163110733032227,0.4939419627189636,0.01543059665709734,0.4939419627189636,0.016205284744501114,0.4939419627189636,0.02995479665696621,0.4966408610343933,0.017424413934350014,0.49635523557662964,0.00865553691983223,0.4966445863246918,0.007477423641830683,0.4966445863246918,0.009376884438097477,0.4966445863246918,1.107935905456543,0.26503586769104004,0.37187105417251587,0.3310953378677368,0.3718812167644501,0.20131359994411469,0.37187105417251587,0.15844662487506866,0.37187105417251587,0.1348462998867035,0.37187105417251587,0.11649300158023834,0.37187105417251587,0.02841261215507984,0.49670445919036865,0.014479259960353374,0.4967036545276642,0.008793902583420277,0.49670445919036865,0.008213636465370655,0.49670445919036865,0.008584855124354362,0.49670445919036865,0.017877425998449326,0.49826616048812866,0.008872251026332378,0.4982423484325409,0.004367717541754246,0.49826616048812866,0.0037811114452779293,0.49826616048812866,0.00481448695063591,0.49826616048812866,0.7058475017547607,0.20132054388523102,0.4369184970855713,0.1794435977935791,0.4369373917579651,0.11521051079034805,0.4369184970855713,0.09442440420389175,0.4369184970855713,0.07988668233156204,0.4369184970855713,0.0707084983587265,0.4369184970855713
1,0.04545842856168747,0.4939418435096741,0.02608029544353485,0.4939562976360321,0.01588805392384529,0.4939419627189636,0.015157348476350307,0.4939419627189636,0.015770621597766876,0.4939419627189636,0.029200220480561256,0.49664202332496643,0.017099503427743912,0.4965266287326813,0.008369836956262589,0.4966445863246918,0.007095517124980688,0.4966445863246918,0.009055688045918941,0.4966445863246918,1.0525338649749756,0.24242055416107178,0.37187105417251587,0.30664509534835815,0.37188851833343506,0.197200745344162,0.37187105417251587,0.15531682968139648,0.37187105417251587,0.1279418170452118,0.37187105417251587,0.10783571749925613,0.37187105417251587,0.02745247073471546,0.49670445919036865,0.013938143849372864,0.4967038333415985,0.008601626381278038,0.49670445919036865,0.008208720944821835,0.49670445919036865,0.008378398604691029,0.49670445919036865,0.017049454152584076,0.49826616048812866,0.008788486011326313,0.49825453758239746,0.004228661768138409,0.49826616048812866,0.003586361650377512,0.49826616048812866,0.004847274161875248,0.49826616048812866,0.6781044602394104,0.1902272254228592,0.4369184970855713,0.16750138998031616,0.43692466616630554,0.11376599222421646,0.4369184970855713,0.09264981001615524,0.4369184970855713,0.07614400237798691,0.4369184970855713,0.06778643280267715,0.4369184970855713
2,0.04491299018263817,0.4939418435096741,0.02501649595797062,0.4939449727535248,0.015663333237171173,0.4939419627189636,0.01502857357263565,0.4939419627189636,0.015547535382211208,0.4939419627189636,0.028687715530395508,0.49664318561553955,0.016946030780673027,0.49658194184303284,0.008036213926970959,0.4966445863246918,0.006877851206809282,0.4966445863246918,0.008724228478968143,0.4966445863246918,1.0173624753952026,0.22774472832679749,0.37187105417251587,0.2895332872867584,0.3718549311161041,0.1946541666984558,0.37187105417251587,0.15327893197536469,0.37187105417251587,0.12456846982240677,0.37187105417251587,0.10427437722682953,0.37187105417251587,0.028508970513939857,0.49670445919036865,0.01339964009821415,0.49670419096946716,0.008437409065663815,0.49670445919036865,0.008104397915303707,0.49670445919036865,0.008027157746255398,0.49670445919036865,0.017003731802105904,0.49826616048812866,0.008746256120502949,0.49825942516326904,0.004046463407576084,0.49826616048812866,0.0034626845736056566,0.49826616048812866,0.004518944304436445,0.49826616048812866,0.6515666842460632,0.16840974986553192,0.4369184970855713,0.1600009799003601,0.43692025542259216,0.11251790076494217,0.4369184970855713,0.09147362411022186,0.4369184970855713,0.07755773514509201,0.4369184970855713,0.07009415328502655,0.43692198395729065
3,0.04450076445937157,0.4939419627189636,0.02405613847076893,0.4939405918121338,0.01548985205590725,0.4939419627189636,0.014959344640374184,0.4939419627189636,0.015460686758160591,0.4939419627189636,0.02815835177898407,0.4966442286968231,0.01689719781279564,0.49659666419029236,0.007603608071804047,0.4966445863246918,0.006816104985773563,0.4966445863246918,0.008230427280068398,0.4966445863246918,0.9892489314079285,0.21603572368621826,0.37187105417251587,0.2766558825969696,0.37183836102485657,0.19229114055633545,0.37187105417251587,0.15165889263153076,0.37187105417251587,0.12134925276041031,0.37187105417251587,0.10240589082241058,0.37187251448631287,0.027533404529094696,0.49670445919036865,0.012929256074130535,0.4967043697834015,0.008339661173522472,0.49670445919036865,0.008172338828444481,0.49670445919036865,0.0081346919760108,0.49670445919036865,0.016681130975484848,0.49826616048812866,0.008720612153410912,0.4982621669769287,0.0037967495154589415,0.49826616048812866,0.0033325073309242725,0.49826616048812866,0.004235975444316864,0.49826616048812866,0.6308016777038574,0.15891093015670776,0.4369184970855713,0.15383495390415192,0.4369172751903534,0.1117050051689148,0.4369184970855713,0.09095572680234909,0.4369184970855713,0.07601263374090195,0.4369184970855713,0.06374114751815796,0.4369473457336426
4,0.044225532561540604,0.4939419627189636,0.023227358236908913,0.49394211173057556,0.01535793300718069,0.4939419627189636,0.014938240870833397,0.4939419627189636,0.015399998985230923,0.4939419627189636,0.027618370950222015,0.4966445863246918,0.016744503751397133,0.496609091758728,0.007221357896924019,0.4966445863246918,0.006832592189311981,0.4966445863246918,0.007722196169197559,0.4966445863246918,0.9587631225585938,0.20262131094932556,0.37187105417251587,0.266696572303772,0.37184539437294006,0.19041171669960022,0.37187105417251587,0.14949265122413635,0.37187105417251587,0.11686259508132935,0.37187105417251587,0.09771087765693665,0.3718908429145813,0.02684958279132843,0.49670445919036865,0.012400032952427864,0.49670445919036865,0.008408826775848866,0.49670445919036865,0.008144179359078407,0.49670445919036865,0.008213505148887634,0.49670445919036865,0.01622922532260418,0.49826616048812866,0.008662334643304348,0.498263955116272,0.003588327905163169,0.49826616048812866,0.003321882337331772,0.49826616048812866,0.003915899433195591,0.49826616048812866,0.6202298998832703,0.1531207263469696,0.4369184970855713,0.14896544814109802,0.43691879510879517,0.11101505160331726,0.4369184970855713,0.09168042987585068,0.4369184970855713,0.0735979676246643,0.4369184970855713,0.06704013794660568,0.4369209110736847
5,0.043919194489717484,0.4939419627189636,0.02252921648323536,0.4939412772655487,0.015248720534145832,0.4939419627189636,0.01487178634852171,0.4939419627189636,0.015350311063230038,0.4939419627189636,0.027096394449472427,0.4966445863246918,0.016468919813632965,0.49662134051322937,0.006962173152714968,0.4966445863246918,0.006803997326642275,0.4966445863246918,0.007308785803616047,0.4966445863246918,0.9368278980255127,0.19318261742591858,0.37187105417251587,0.25839072465896606,0.3718462288379669,0.18877778947353363,0.37187105417251587,0.14814524352550507,0.37187105417251587,0.11431775987148285,0.37187105417251587,0.09526217728853226,0.371929407119751,0.026607386767864227,0.49670445919036865,0.01209120824933052,0.49670445919036865,0.00828398484736681,0.49670445919036865,0.00811383593827486,0.49670445919036865,0.00834850687533617,0.49670445919036865,0.015836915001273155,0.49826616048812866,0.008407384157180786,0.4982650876045227,0.0035007114056497812,0.49826616048812866,0.003327292622998357,0.49826616048812866,0.0036600835155695677,0.49826616048812866,0.6150063276290894,0.15313532948493958,0.4369184970855713,0.14581839740276337,0.4369192123413086,0.10934895277023315,0.4369184970855713,0.08902409672737122,0.4369184970855713,0.07566871494054794,0.4369184970855713,0.06794065982103348,0.4370195269584656
6,0.04369864985346794,0.4939419627189636,0.02196415886282921,0.49394160509109497,0.015139169991016388,0.4939419627189636,0.01481196004897356,0.4939419627189636,0.015321454964578152,0.4939419627189636,0.02666352316737175,0.4966445863246918,0.016061071306467056,0.49662911891937256,0.006827073637396097,0.4966445863246918,0.006835512816905975,0.4966445863246918,0.0069757248274981976,0.4966445863246918,0.9217202663421631,0.18696889281272888,0.37187105417251587,0.2513667941093445,0.37185028195381165,0.18718142807483673,0.37187105417251587,0.14627723395824432,0.37187105417251587,0.11338581144809723,0.37187105417251587,0.09635506570339203,0.3720717132091522,0.02724231407046318,0.49670445919036865,0.011769081465899944,0.49670445919036865,0.008267316967248917,0.49670445919036865,0.008036476559937,0.49670445919036865,0.00803847424685955,0.49670445919036865,0.015563888475298882,0.49826616048812866,0.008346347138285637,0.4982655346393585,0.0033823566045612097,0.49826616048812866,0.003345613833516836,0.49826616048812866,0.003372225211933255,0.49826616048812866,0.6159107089042664,0.16627609729766846,0.4369184970855713,0.14314861595630646,0.4369191825389862,0.1084810122847557,0.4369184970855713,0.08819491416215897,0.4369184970855713,0.06632167100906372,0.4369184970855713,0.06501879543066025,0.43925297260284424
7,0.04345041513442993,0.4939419627189636,0.02147115394473076,0.4939417243003845,0.015044588595628738,0.4939419627189636,0.014762334525585175,0.4939419627189636,0.015286333858966827,0.4939419627189636,0.026338504627346992,0.4966445863246918,0.015801671892404556,0.4966336190700531,0.006689647678285837,0.4966445863246918,0.006714988499879837,0.4966445863246918,0.006711183115839958,0.4966445863246918,0.905758261680603,0.18055760860443115,0.37187105417251587,0.2460613250732422,0.3718549907207489,0.18578499555587769,0.37187105417251587,0.14510191977024078,0.37187105417251587,0.11156734079122543,0.37187105417251587,0.09374066442251205,0.3721492290496826,0.026081537827849388,0.49670445919036865,0.011556939221918583,0.49670445919036865,0.008223342709243298,0.49670445919036865,0.00809219665825367,0.49670445919036865,0.008224835619330406,0.49670445919036865,0.015041764825582504,0.49826616048812866,0.00821163784712553,0.4982658922672272,0.00332569214515388,0.49826616048812866,0.0035012629814445972,0.49826616048812866,0.0031992197036743164,0.49826616048812866,0.5781847238540649,0.13554096221923828,0.4369184970855713,0.13939334452152252,0.4369187653064728,0.10834630578756332,0.4369184970855713,0.08746958523988724,0.4369184970855713,0.06545380502939224,0.4369184970855713,0.062094546854496,0.4378984272480011
8,0.043254029005765915,0.4939419627189636,0.02105710841715336,0.4939417243003845,0.01497741974890232,0.4939419627189636,0.014689600095152855,0.4939419627189636,0.015241026878356934,0.4939419627189636,0.026029260829091072,0.4966445863246918,0.015552787110209465,0.4966379404067993,0.0065972693264484406,0.4966445863246918,0.0066884360276162624,0.4966445863246918,0.006501972675323486,0.4966445863246918,0.8883670568466187,0.17167924344539642,0.37187105417251587,0.24151714146137238,0.3718578815460205,0.18484513461589813,0.37187105417251587,0.14429442584514618,0.37187105417251587,0.10903847217559814,0.37187105417251587,0.09144478291273117,0.37264710664749146,0.026806477457284927,0.49670445919036865,0.011337635107338428,0.49670445919036865,0.008156954310834408,0.49670445919036865,0.00780453672632575,0.49670445919036865,0.008182823657989502,0.49670445919036865,0.01483515277504921,0.49826616048812866,0.008099487982690334,0.49826598167419434,0.0032883204985409975,0.49826616048812866,0.0034372408408671618,0.49826616048812866,0.0030363674741238356,0.49826616048812866,0.6009998321533203,0.15997737646102905,0.4369184970855713,0.13782645761966705,0.43691861629486084,0.10735467821359634,0.4369184970855713,0.08631415665149689,0.4369184970855713,0.06456080079078674,0.4369184970855713,0.06684448570013046,0.440135657787323
9,0.042998358607292175,0.4939419627189636,0.02070525288581848,0.4939418435096741,0.014881152659654617,0.4939419627189636,0.014563643373548985,0.4939419627189636,0.015214621089398861,0.4939419627189636,0.025760110467672348,0.4966445863246918,0.015370137058198452,0.49664098024368286,0.00649684201925993,0.4966445863246918,0.006544329691678286,0.4966445863246918,0.006282988935709,0.4966445863246918,0.8702622056007385,0.16515786945819855,0.37187105417251587,0.2370000183582306,0.3718603849411011,0.18320775032043457,0.37187105417251587,0.14154765009880066,0.37187105417251587,0.10600525885820389,0.37187105417251587,0.08887731283903122,0.3726889491081238,0.02638758160173893,0.49670445919036865,0.011163664981722832,0.49670445919036865,0.008112901821732521,0.49670445919036865,0.007908014580607414,0.49670445919036865,0.008059993386268616,0.49670445919036865,0.015174003317952156,0.49826616048812866,0.007877052761614323,0.49826616048812866,0.003273442154750228,0.49826616048812866,0.0030737435445189476,0.49826616048812866,0.003128605894744396,0.49826616048812866,0.5622554421424866,0.12282022833824158,0.4369184970855713,0.13603802025318146,0.436918705701828,0.1068091094493866,0.4369184970855713,0.08555098623037338,0.4369184970855713,0.06932465732097626,0.4369184970855713,0.06262095272541046,0.43806910514831543
10,0.0427769236266613,0.4939419627189636,0.020400632172822952,0.4939418435096741,0.014785152859985828,0.4939419627189636,0.014441857114434242,0.4939419627189636,0.015123419463634491,0.4939419627189636,0.02555171214044094,0.4966445863246918,0.015190958976745605,0.4966426491737366,0.006425328087061644,0.4966445863246918,0.0064165894873440266,0.4966445863246918,0.006119407247751951,0.4966445863246918,0.8547805547714233,0.15806233882904053,0.37187105417251587,0.2335710972547531,0.3718620240688324,0.1821296215057373,0.37187105417251587,0.14030231535434723,0.37187105417251587,0.10338804870843887,0.37187105417251587,0.08675946295261383,0.3731900155544281,0.02643728442490101,0.49670445919036865,0.011021875776350498,0.49670445919036865,0.007968242280185223,0.49670445919036865,0.00763179175555706,0.49670445919036865,0.008077059872448444,0.49670445919036865,0.014595959335565567,0.49826616048812866,0.007872076705098152,0.49826616048812866,0.0031874508131295443,0.49826616048812866,0.003135671839118004,0.49826616048812866,0.0028480456676334143,0.49826616048812866,0.5604060888290405,0.13125401735305786,0.4369184970855713,0.13423976302146912,0.4369186460971832,0.106381855905056,0.4369184970855713,0.08461402356624603,0.4369184970855713,0.062323760241270065,0.4369184970855713,0.059921640902757645,0.43938273191452026
11,0.04249715432524681,0.4939419627189636,0.020136967301368713,0.4939418435096741,0.014616483822464943,0.4939419627189636,0.014283734373748302,0.4939419627189636,0.015002289786934853,0.4939419627189636,0.025339677929878235,0.4966445863246918,0.0150270015001297,0.4966435730457306,0.006355890538543463,0.4966445863246918,0.0062946779653429985,0.4966445863246918,0.005997559055685997,0.4966445863246918,0.8431219458580017,0.15283234417438507,0.37187105417251587,0.23074133694171906,0.37186354398727417,0.18152958154678345,0.37187105417251587,0.13957610726356506,0.37187105417251587,0.10210307687520981,0.37187105417251587,0.0843517929315567,0.37349364161491394,0.02602981962263584,0.49670445919036865,0.010894406586885452,0.49670445919036865,0.007915436290204525,0.49670445919036865,0.007695713546127081,0.49670445919036865,0.007775227073580027,0.49670445919036865,0.014587674289941788,0.49826616048812866,0.007769490126520395,0.49826616048812866,0.003145052818581462,0.49826616048812866,0.002939987927675247,0.49826616048812866,0.0028734549414366484,0.49826616048812866,0.5410162210464478,0.11227915436029434,0.4369184970855713,0.132169708609581,0.43691858649253845,0.10617490112781525,0.4369184970855713,0.0834493339061737,0.4369184970855713,0.06398840993642807,0.4369184970855713,0.0637996718287468,0.4389970004558563
12,0.04215842857956886,0.4939419627189636,0.01994132809340954,0.4939418435096741,0.014439787715673447,0.4939419627189636,0.014100867323577404,0.4939419627189636,0.0149415023624897,0.4939419627189636,0.025122294202446938,0.4966445863246918,0.01487056352198124,0.4966440498828888,0.006283538416028023,0.4966445863246918,0.006141360383480787,0.4966445863246918,0.005822983104735613,0.4966445863246918,0.8387109637260437,0.15228648483753204,0.37187105417251587,0.2275211662054062,0.3718659579753876,0.18022237718105316,0.37187105417251587,0.13816790282726288,0.37187105417251587,0.10311824083328247,0.37187105417251587,0.08654218167066574,0.37381890416145325,0.026052920147776604,0.49670445919036865,0.010764156468212605,0.49670445919036865,0.007810903713107109,0.49670445919036865,0.007759614381939173,0.49670445919036865,0.007599201053380966,0.49670445919036865,0.014393657445907593,0.49826616048812866,0.007677599787712097,0.49826616048812866,0.0031311374623328447,0.49826616048812866,0.002890389645472169,0.49826616048812866,0.002790466882288456,0.49826616048812866,0.5366611480712891,0.11482261121273041,0.4369184970855713,0.13107408583164215,0.43691855669021606,0.10554449260234833,0.4369184970855713,0.08319519460201263,0.4369184970855713,0.059944137930870056,0.4369184970855713,0.06027373671531677,0.440125972032547
13,0.04183897748589516,0.4939419627189636,0.0196964330971241,0.4939418435096741,0.014244980178773403,0.4939419627189636,0.013912679627537727,0.4939419627189636,0.014841098338365555,0.4939419627189636,0.024884892627596855,0.4966445863246918,0.01468010526150465,0.4966435432434082,0.00620496878400445,0.4966445863246918,0.006018555723130703,0.4966445863246918,0.0056853829883039,0.4966445863246918,0.8183467984199524,0.14298777282238007,0.37187105417251587,0.22563208639621735,0.3718664348125458,0.17945650219917297,0.37187105417251587,0.13632036745548248,0.37187105417251587,0.09883459657430649,0.37187105417251587,0.08103510737419128,0.37467023730278015,0.025333963334560394,0.49670445919036865,0.010624857619404793,0.49670445919036865,0.007683257572352886,0.49670445919036865,0.0074729821644723415,0.49670445919036865,0.007757284212857485,0.49670445919036865,0.014323514886200428,0.49826616048812866,0.007576167583465576,0.49826616048812866,0.003082189941778779,0.49826616048812866,0.002795942360535264,0.49826616048812866,0.0027116613928228617,0.49826616048812866,0.540730893611908,0.10898583382368088,0.4369184970855713,0.1305316537618637,0.4369185268878937,0.10497113317251205,0.4369184970855713,0.08228603005409241,0.4369184970855713,0.06650520116090775,0.4369184970855713,0.07669582962989807,0.4395676851272583
14,0.04142877459526062,0.4939419627189636,0.019402656704187393,0.4939419627189636,0.01406037900596857,0.4939419627189636,0.013718490488827229,0.4939419627189636,0.014755216427147388,0.4939419627189636,0.024681368842720985,0.4966445863246918,0.014504860155284405,0.4966437816619873,0.006149918772280216,0.4966445863246918,0.005911580752581358,0.4966445863246918,0.005579295102506876,0.4966445863246918,0.8060352206230164,0.1378820240497589,0.37187105417251587,0.22323130071163177,0.37186726927757263,0.1782515048980713,0.37187105417251587,0.1351848989725113,0.37187105417251587,0.09689126908779144,0.37187105417251587,0.07944829016923904,0.37517252564430237,0.025960389524698257,0.49670445919036865,0.01042456179857254,0.49670445919036865,0.0076245591044425964,0.49670445919036865,0.0072590080089867115,0.49670445919036865,0.007573350332677364,0.49670445919036865,0.014254806563258171,0.49826616048812866,0.0075435577891767025,0.49826616048812866,0.0030243240762501955,0.49826616048812866,0.0026548884343355894,0.49826616048812866,0.00263153831474483,0.49826616048812866,0.5215736031532288,0.10399901866912842,0.4369184970855713,0.12903237342834473,0.4369184970855713,0.10472982376813889,0.4369184970855713,0.08116503804922104,0.4369184970855713,0.061272673308849335,0.4369184970855713,0.06117302551865578,0.43836918473243713
15,0.04099560156464577,0.4939419627189636,0.01901819556951523,0.4939419627189636,0.013882741332054138,0.4939419627189636,0.013505738228559494,0.4939419627189636,0.014716587029397488,0.4939419627189636,0.024479225277900696,0.4966445863246918,0.014413188211619854,0.49664387106895447,0.006060018669813871,0.4966445863246918,0.005717297084629536,0.4966445863246918,0.00541092362254858,0.4966445863246918,0.7986963391304016,0.13514123857021332,0.37187105417251587,0.22159600257873535,0.37186798453330994,0.1776905208826065,0.37187105417251587,0.13418300449848175,0.37187105417251587,0.09668932855129242,0.37187105417251587,0.07874667644500732,0.3760930895805359,0.02482566237449646,0.49670445919036865,0.010224021971225739,0.49670445919036865,0.007393788546323776,0.49670445919036865,0.007193127181380987,0.49670445919036865,0.007707964163273573,0.49670445919036865,0.013781079091131687,0.49826616048812866,0.007463372778147459,0.49826616048812866,0.003026795107871294,0.49826616048812866,0.002783786738291383,0.49826616048812866,0.002616387791931629,0.49826616048812866,0.5267630219459534,0.10653944313526154,0.4369184970855713,0.12907539308071136,0.4369184970855713,0.1044333428144455,0.4369184970855713,0.08066438883543015,0.4369184970855713,0.062301795929670334,0.4369184970855713,0.07028398662805557,0.44366002082824707
16,0.040617771446704865,0.4939419627189636,0.018559232354164124,0.4939419627189636,0.013725962489843369,0.4939419627189636,0.013326653279364109,0.4939419627189636,0.01462231483310461,0.4939419627189636,0.02428545616567135,0.4966445863246918,0.014256544411182404,0.49664410948753357,0.005991973914206028,0.4966445863246918,0.005615755915641785,0.4966445863246918,0.005297119729220867,0.4966445863246918,0.7887555360794067,0.13113443553447723,0.37187105417251587,0.2197817713022232,0.3718685507774353,0.17676641047000885,0.37187105417251587,0.1328321248292923,0.37187105417251587,0.09506344795227051,0.37187105417251587,0.07859615981578827,0.37668997049331665,0.024769436568021774,0.49670445919036865,0.009913405403494835,0.49670445919036865,0.007195864338427782,0.49670445919036865,0.007031228393316269,0.49670445919036865,0.00798465684056282,0.49670445919036865,0.013751871883869171,0.49826616048812866,0.0073623014613986015,0.49826616048812866,0.002946052933111787,0.49826616048812866,0.0025844620540738106,0.49826616048812866,0.0025267270393669605,0.49826616048812866,0.5167808532714844,0.10415196418762207,0.4369184970855713,0.12798628211021423,0.43691855669021606,0.10395275801420212,0.4369184970855713,0.0793287605047226,0.4369184970855713,0.06039617955684662,0.4369184970855713,0.0642603188753128,0.44124215841293335
17,0.040169622749090195,0.4939419627189636,0.017822202295064926,0.4939419627189636,0.013562609441578388,0.4939419627189636,0.012997176498174667,0.4939419627189636,0.014452851377427578,0.4939419627189636,0.024077562615275383,0.4966445863246918,0.014081256464123726,0.4966442286968231,0.005916011054068804,0.4966445863246918,0.005452565383166075,0.4966445863246918,0.005149503238499165,0.4966445863246918,0.7770581841468811,0.12635521590709686,0.37187105417251587,0.21864739060401917,0.3718688189983368,0.17620949447155,0.37187105417251587,0.13183416426181793,0.37187105417251587,0.09344176203012466,0.37187105417251587,0.07556118071079254,0.3770105540752411,0.02388831228017807,0.49670445919036865,0.009380422532558441,0.49670445919036865,0.00716071343049407,0.49670445919036865,0.00692597683519125,0.49670445919036865,0.007511025760322809,0.49670445919036865,0.013767054304480553,0.49826616048812866,0.007232332136482,0.49826616048812866,0.002909867325797677,0.49826616048812866,0.00247790664434433,0.49826616048812866,0.0024644313380122185,0.49826616048812866,0.5104463696479797,0.10498052090406418,0.4369184970855713,0.12724566459655762,0.43691858649253845,0.10355141758918762,0.4369184970855713,0.07900944352149963,0.4369184970855713,0.056710559874773026,0.4369184970855713,0.061504486948251724,0.44336163997650146
18,0.039577145129442215,0.4939419627189636,0.017064936459064484,0.4939419627189636,0.013394697569310665,0.4939419627189636,0.01254357025027275,0.4939419627189636,0.013950083404779434,0.4939419627189636,0.02387276664376259,0.4966445863246918,0.013867402449250221,0.4966442286968231,0.005835128016769886,0.4966445863246918,0.005316949915140867,0.4966445863246918,0.0049839019775390625,0.4966445863246918,0.7673879861831665,0.12323703616857529,0.37187105417251587,0.21728892624378204,0.3718692362308502,0.17547044157981873,0.37187105417251587,0.13083051145076752,0.37187105417251587,0.09226537495851517,0.37187105417251587,0.07412490248680115,0.3776572048664093,0.02375381626188755,0.49670445919036865,0.009138254448771477,0.49670445919036865,0.007002803031355143,0.49670445919036865,0.006448984611779451,0.49670445919036865,0.007287529297173023,0.49670445919036865,0.013407684862613678,0.49826616048812866,0.007150458637624979,0.49826616048812866,0.002879390260204673,0.49826616048812866,0.0024828147143125534,0.49826616048812866,0.0023730883840471506,0.49826616048812866,0.5539538860321045,0.115811787545681,0.4369184970855713,0.12695543467998505,0.4369185268878937,0.10335838049650192,0.4369184970855713,0.07955342531204224,0.4369184970855713,0.06913235783576965,0.4369184970855713,0.11102163046598434,0.44226181507110596
19,0.03891611099243164,0.4939419627189636,0.016747895628213882,0.4939419627189636,0.013173659332096577,0.4939419627189636,0.012026669457554817,0.4939419627189636,0.013269653543829918,0.4939419627189636,0.02366711013019085,0.4966445863246918,0.013533108867704868,0.4966444671154022,0.005765605717897415,0.4966445863246918,0.005219330545514822,0.4966445863246918,0.004851185251027346,0.4966445863246918,0.7568668127059937,0.11948942393064499,0.37187105417251587,0.2157752960920334,0.371869295835495,0.1744958460330963,0.37187105417251587,0.12965476512908936,0.37187105417251587,0.09163949638605118,0.37187105417251587,0.07239610701799393,0.3785144090652466,0.023372502997517586,0.49670445919036865,0.009082645177841187,0.49670445919036865,0.006838723085820675,0.49670445919036865,0.00617754552513361,0.49670445919036865,0.0073012602515518665,0.49670445919036865,0.013519255444407463,0.49826616048812866,0.006808828096836805,0.49826616048812866,0.0028002182953059673,0.49826616048812866,0.0023515650536864996,0.49826616048812866,0.002273260848596692,0.49826616048812866,0.5032111406326294,0.10262785851955414,0.4369184970855713,0.1253717839717865,0.4369185268878937,0.10288485139608383,0.4369184970855713,0.07733455300331116,0.4369184970855713,0.05604870989918709,0.4369184970855713,0.06476309895515442,0.44492030143737793
20,0.03830311447381973,0.4939419627189636,0.016647890210151672,0.4939419627189636,0.012967834249138832,0.4939419627189636,0.011606820859014988,0.4939419627189636,0.01270690280944109,0.4939419627189636,0.023515749722719193,0.4966445863246918,0.012893498875200748,0.49664434790611267,0.005710909608751535,0.4966445863246918,0.005171799100935459,0.4966445863246918,0.004737325478345156,0.4966445863246918,0.7502540349960327,0.11715148389339447,0.3718711733818054,0.21487413346767426,0.3718695640563965,0.17404569685459137,0.37187105417251587,0.12926559150218964,0.37187105417251587,0.09081850200891495,0.37187105417251587,0.07229634374380112,0.3794383406639099,0.023341231048107147,0.49670445919036865,0.0088948430493474,0.49670445919036865,0.006750733591616154,0.49670445919036865,0.006035766564309597,0.49670445919036865,0.006388075649738312,0.49670445919036865,0.013036046177148819,0.49826616048812866,0.00639646640047431,0.49826616048812866,0.0027661528438329697,0.49826616048812866,0.002548482036218047,0.49826616048812866,0.00220755604095757,0.49826616048812866,0.49276039004325867,0.09703008830547333,0.4369196593761444,0.1252792626619339,0.4369185268878937,0.10238603502511978,0.4369184970855713,0.07716594636440277,0.4369184970855713,0.05602290853857994,0.4369184970855713,0.0596892274916172,0.44217121601104736
21,0.03771624341607094,0.4939419627189636,0.016559451818466187,0.4939419627189636,0.012773684225976467,0.4939419627189636,0.01123858243227005,0.4939419627189636,0.01222330890595913,0.4939419627189636,0.023312168195843697,0.4966445863246918,0.012151321396231651,0.49664434790611267,0.005643265787512064,0.4966445863246918,0.005152890924364328,0.4966445863246918,0.0046014441177248955,0.4966445863246918,0.7397706508636475,0.11378356069326401,0.37187105417251587,0.21375636756420135,0.3718697428703308,0.1730824112892151,0.37187105417251587,0.12798354029655457,0.37187105417251587,0.08961736410856247,0.37187105417251587,0.06973014026880264,0.3787344694137573,0.023123620077967644,0.49670445919036865,0.00885608047246933,0.49670445919036865,0.0066407956182956696,0.49670445919036865,0.005919334013015032,0.49670445919036865,0.005944426637142897,0.49670445919036865,0.012796099297702312,0.49826616048812866,0.006254999898374081,0.49826616048812866,0.0027852735947817564,0.49826616048812866,0.002549423137679696,0.49826616048812866,0.002218602690845728,0.49826616048812866,0.532024085521698,0.10683474689722061,0.4369184970855713,0.12609240412712097,0.4369185268878937,0.10249024629592896,0.4369184970855713,0.07848413288593292,0.4369184970855713,0.06512318551540375,0.4369184970855713,0.1036766842007637,0.44141319394111633
22,0.03708989545702934,0.4939419627189636,0.016364790499210358,0.4939419627189636,0.012510817497968674,0.4939419627189636,0.010917105711996555,0.4939419627189636,0.011783432215452194,0.4939419627189636,0.02302444726228714,0.4966445863246918,0.01177160069346428,0.49664434790611267,0.005558502394706011,0.4966445863246918,0.005003896076232195,0.4966445863246918,0.0044567096047103405,0.4966445863246918,0.7338541746139526,0.11179337650537491,0.3718770146369934,0.21289901435375214,0.3718698024749756,0.172694131731987,0.37187105417251587,0.1272716075181961,0.37187105417251587,0.08907812833786011,0.37187105417251587,0.07049977779388428,0.3801679015159607,0.023762095719575882,0.49670445919036865,0.008747047744691372,0.49670445919036865,0.006437129341065884,0.49670445919036865,0.005675336811691523,0.49670445919036865,0.006121569778770208,0.49670445919036865,0.012973738834261894,0.49826616048812866,0.005907904356718063,0.49826616048812866,0.0026333709247410297,0.49826616048812866,0.0022999942302703857,0.49826616048812866,0.0020715973805636168,0.49826616048812866,0.5035051107406616,0.0999789610505104,0.43692252039909363,0.12482568621635437,0.4369185268878937,0.10189759731292725,0.4369184970855713,0.07690214365720749,0.4369184970855713,0.058345552533864975,0.4369184970855713,0.07633405178785324,0.4448869526386261
23,0.03675423562526703,0.4939419627189636,0.016206061467528343,0.4939419627189636,0.012255348265171051,0.4939419627189636,0.010636623948812485,0.4939419627189636,0.011481274850666523,0.4939419627189636,0.022849196568131447,0.4966445863246918,0.011447940953075886,0.4966444671154022,0.0054944949224591255,0.4966445863246918,0.004977022763341665,0.4966445863246918,0.004407130181789398,0.4966445863246918,0.7285304665565491,0.10996942222118378,0.3718724250793457,0.21207351982593536,0.3718699812889099,0.17205747961997986,0.37187105417251587,0.12682904303073883,0.37187105417251587,0.08890911191701889,0.37187105417251587,0.06973441690206528,0.3810659348964691,0.021371351554989815,0.49670445919036865,0.008576599881052971,0.49670445919036865,0.006523814983665943,0.49670445919036865,0.0058509958907961845,0.49670445919036865,0.005825853906571865,0.49670445919036865,0.012603377923369408,0.49826616048812866,0.005745816044509411,0.49826616048812866,0.0026806548703461885,0.49826616048812866,0.00237278756685555,0.49826616048812866,0.0020646334160119295,0.49826616048812866,0.49496495723724365,0.0997617319226265,0.4369184970855713,0.12524990737438202,0.4369184970855713,0.10160169750452042,0.4369184970855713,0.07603868842124939,0.4369184970855713,0.058318134397268295,0.4369184970855713,0.06727232784032822,0.44466298818588257
24,0.0363180972635746,0.4939419627189636,0.016040461137890816,0.4939419627189636,0.012050929479300976,0.4939419627189636,0.010409696958959103,0.4939419627189636,0.011212076991796494,0.4939419627189636,0.022539101541042328,0.4966445863246918,0.011087500490248203,0.4966444671154022,0.0054154666140675545,0.4966445863246918,0.004817253910005093,0.4966445863246918,0.004246247932314873,0.4966445863246918,0.7192361950874329,0.10671281069517136,0.37188223004341125,0.21109680831432343,0.3718699812889099,0.1712210774421692,0.37187105417251587,0.12575139105319977,0.37187105417251587,0.08782052248716354,0.37187105417251587,0.06771832704544067,0.3809959292411804,0.02136073261499405,0.49670445919036865,0.008506021462380886,0.49670445919036865,0.006338898558169603,0.49670445919036865,0.0059455810114741325,0.49670445919036865,0.005596701521426439,0.49670445919036865,0.012901966460049152,0.49826616048812866,0.005539013538509607,0.49826616048812866,0.0026408613193780184,0.49826616048812866,0.0024821178521960974,0.49826616048812866,0.0021770268213003874,0.49826616048812866,0.5122914910316467,0.1017204076051712,0.4369184970855713,0.12416622787714005,0.4369184970855713,0.10138501971960068,0.4369184970855713,0.07615195214748383,0.4369184970855713,0.06167369708418846,0.4369184970855713,0.09412676095962524,0.447621613740921
25,0.035870447754859924,0.4939419627189636,0.015857230871915817,0.4939419627189636,0.011817121878266335,0.4939419627189636,0.010144628584384918,0.4939419627189636,0.01093471422791481,0.4939419627189636,0.022279802709817886,0.4966445863246918,0.010859478265047073,0.4966445863246918,0.005322912707924843,0.4966445863246918,0.004691088106483221,0.4966445863246918,0.004121909383684397,0.4966445863246918,0.709035336971283,0.10265162587165833,0.37187302112579346,0.21034076809883118,0.37187013030052185,0.1707804948091507,0.37187105417251587,0.12475745379924774,0.37187105417251587,0.08646702021360397,0.37187105417251587,0.06473121047019958,0.3807283639907837,0.021313240751624107,0.49670445919036865,0.008345495909452438,0.49670445919036865,0.00619244109839201,0.49670445919036865,0.005492234602570534,0.49670445919036865,0.005476478952914476,0.49670445919036865,0.012326055206358433,0.49826616048812866,0.005430436693131924,0.49826616048812866,0.002561738481745124,0.49826616048812866,0.0023544079158455133,0.49826616048812866,0.0019975274335592985,0.49826616048812866,0.4804326593875885,0.09307552874088287,0.4369184970855713,0.12330659478902817,0.4369184970855713,0.10126283019781113,0.4369184970855713,0.07485461235046387,0.4369184970855713,0.054583728313446045,0.4369184970855713,0.06558049470186234,0.44256338477134705
26,0.03568797931075096,0.4939419627189636,0.015768645331263542,0.4939419627189636,0.011624426580965519,0.4939419627189636,0.010027140378952026,0.4939419627189636,0.010806605219841003,0.4939419627189636,0.02214890718460083,0.4966445863246918,0.01064838282763958,0.4966445863246918,0.005279829725623131,0.4966445863246918,0.004642929881811142,0.4966445863246918,0.0041273972019553185,0.4966445863246918,0.7056541442871094,0.1011245921254158,0.3718809187412262,0.20966264605522156,0.371870219707489,0.17031237483024597,0.37187105417251587,0.12463222444057465,0.37187105417251587,0.08639785647392273,0.37187105417251587,0.06468816101551056,0.3828197121620178,0.020713776350021362,0.49670445919036865,0.008215094916522503,0.49670445919036865,0.006385659333318472,0.49670445919036865,0.006362244486808777,0.49670445919036865,0.0052196551114320755,0.49670445919036865,0.011839612387120724,0.49826616048812866,0.005323539488017559,0.49826616048812866,0.0027028804179280996,0.49826616048812866,0.0026816732715815306,0.49826616048812866,0.002190635073930025,0.49826616048812866,0.4780808091163635,0.0889715924859047,0.43692031502723694,0.12249100208282471,0.4369184970855713,0.1009439006447792,0.4369184970855713,0.07451094686985016,0.4369184970855713,0.053580690175294876,0.4369184970855713,0.07232162356376648,0.4442330300807953
27,0.03536633402109146,0.4939419627189636,0.015633072704076767,0.4939419627189636,0.011445214971899986,0.4939419627189636,0.00980815663933754,0.4939419627189636,0.010556177236139774,0.4939419627189636,0.02187415026128292,0.4966445863246918,0.010410059243440628,0.4966445863246918,0.005181075073778629,0.4966445863246918,0.00452180951833725,0.4966445863246918,0.004016323015093803,0.4966445863246918,0.6963712573051453,0.09771274030208588,0.3718873858451843,0.20907357335090637,0.3718701899051666,0.16979005932807922,0.37187105417251587,0.12342656403779984,0.37187105417251587,0.08489511162042618,0.37187105417251587,0.06232636421918869,0.3823612630367279,0.02081982232630253,0.49670445919036865,0.008254890330135822,0.49670445919036865,0.006015534978359938,0.49670445919036865,0.005577727220952511,0.49670445919036865,0.005344829987734556,0.49670445919036865,0.012106161564588547,0.49826616048812866,0.0052460418082773685,0.49826616048812866,0.0025115027092397213,0.49826616048812866,0.0023114148061722517,0.49826616048812866,0.002005662303417921,0.49826616048812866,0.4833613634109497,0.09466474503278732,0.43692487478256226,0.12230400741100311,0.4369184970855713,0.10072596371173859,0.4369184970855713,0.07444489747285843,0.4369184970855713,0.05608489364385605,0.4369184970855713,0.07104405760765076,0.4483036398887634
28,0.03507949784398079,0.4939419627189636,0.015534307807683945,0.4939419627189636,0.01126708835363388,0.4939419627189636,0.009652143344283104,0.4939419627189636,0.010395604185760021,0.4939419627189636,0.021665429696440697,0.4966445863246918,0.010221594013273716,0.4966447055339813,0.005117875523865223,0.4966445863246918,0.004426100756973028,0.4966445863246918,0.003966616466641426,0.4966445863246918,0.6912864446640015,0.09558910131454468,0.3718886971473694,0.2083168476819992,0.37187036871910095,0.1692066490650177,0.37187105417251587,0.12307558208703995,0.37187105417251587,0.0844062864780426,0.37187105417251587,0.06204884871840477,0.3836909234523773,0.0207589752972126,0.49670445919036865,0.008182357996702194,0.49670445919036865,0.005992915481328964,0.49670445919036865,0.005527301225811243,0.49670445919036865,0.005156108643859625,0.49670445919036865,0.011641206219792366,0.49826616048812866,0.005102294497191906,0.49826616048812866,0.0026344105135649443,0.49826616048812866,0.002455107169225812,0.49826616048812866,0.002142840065062046,0.49826616048812866,0.4716559052467346,0.09092463552951813,0.4369489252567291,0.12178734689950943,0.4369184970855713,0.1003393828868866,0.4369184970855713,0.07363686710596085,0.4369184970855713,0.053516946732997894,0.4369184970855713,0.062810979783535,0.45021891593933105
29,0.03475257009267807,0.4939419627189636,0.01543409749865532,0.4939419627189636,0.011051209643483162,0.4939419627189636,0.009433585219085217,0.4939419627189636,0.010198726318776608,0.4939419627189636,0.02146352455019951,0.4966445863246918,0.010003733448684216,0.4966447055339813,0.005055292509496212,0.4966445863246918,0.00433308957144618,0.4966445863246918,0.0038907702546566725,0.4966445863246918,0.6857616305351257,0.09395650029182434,0.37190350890159607,0.20788459479808807,0.3718704283237457,0.16873447597026825,0.37187105417251587,0.12232979387044907,0.37187105417251587,0.08392330259084702,0.37187105417251587,0.06057083234190941,0.38507339358329773,0.020907022058963776,0.49670445919036865,0.008155533112585545,0.49670445919036865,0.005858786404132843,0.49670445919036865,0.005427120253443718,0.49670445919036865,0.005280663724988699,0.49670445919036865,0.012054682709276676,0.49826616048812866,0.004922909662127495,0.49826616048812866,0.0025027263909578323,0.49826616048812866,0.0022909212857484818,0.49826616048812866,0.0020999275147914886,0.49826616048812866,0.4818671643733978,0.09460761398077011,0.4369618594646454,0.12211117148399353,0.4369184970855713,0.10008247196674347,0.4369184970855713,0.07321877032518387,0.4369184970855713,0.054739341139793396,0.4369184970855713,0.07493536919355392,0.45064258575439453
30,0.03461622819304466,0.4939419627189636,0.015352720394730568,0.4939419627189636,0.010914445854723454,0.4939419627189636,0.009361417032778263,0.4939419627189636,0.010112320072948933,0.4939419627189636,0.02130565419793129,0.4966445863246918,0.009802509099245071,0.4966445863246918,0.004999606404453516,0.4966445863246918,0.004269103519618511,0.4966445863246918,0.0038872382137924433,0.4966445863246918,0.6821800470352173,0.09256073087453842,0.3719118535518646,0.20733900368213654,0.37187060713768005,0.16828028857707977,0.37187105417251587,0.12195384502410889,0.37187105417251587,0.0835266038775444,0.37187105417251587,0.06045568361878395,0.38524970412254333,0.020703908056020737,0.49670445919036865,0.008062583394348621,0.49670445919036865,0.005664256867021322,0.49670445919036865,0.00508932676166296,0.49670445919036865,0.005148313473910093,0.49670445919036865,0.012300556525588036,0.49826616048812866,0.004907267168164253,0.49826616048812866,0.0023341223131865263,0.49826616048812866,0.002077748067677021,0.49826616048812866,0.0018930111546069384,0.49826616048812866,0.4648066759109497,0.08848217129707336,0.4369329810142517,0.12155173718929291,0.4369184970855713,0.09982652217149734,0.4369184970855713,0.07297167181968689,0.4369184970855713,0.05182063952088356,0.4369184970855713,0.061180949211120605,0.44389253854751587
31,0.034393589943647385,0.4939419627189636,0.015290644019842148,0.4939419627189636,0.010763302445411682,0.4939419627189636,0.009203756228089333,0.4939419627189636,0.009972192347049713,0.4939419627189636,0.02114689163863659,0.4966445863246918,0.009614132344722748,0.4966445863246918,0.004936357494443655,0.4966445863246918,0.004192279651761055,0.4966445863246918,0.0038069630973041058,0.4966445863246918,0.6757681965827942,0.09046328067779541,0.3719194233417511,0.20652014017105103,0.3718706965446472,0.16761015355587006,0.37187105417251587,0.12087927758693695,0.37187105417251587,0.0830514207482338,0.37187105417251587,0.05876060575246811,0.38458970189094543,0.020689567551016808,0.49670445919036865,0.00803705956786871,0.49670445919036865,0.00570475310087204,0.49670445919036865,0.005236019846051931,0.49670445919036865,0.005061751697212458,0.49670445919036865,0.011660678312182426,0.49826616048812866,0.004734087735414505,0.49826616048812866,0.0024435350205749273,0.49826616048812866,0.002294533886015415,0.49826616048812866,0.0020521346013993025,0.49826616048812866,0.4658033847808838,0.08822718262672424,0.4369431436061859,0.1210608035326004,0.4369184970855713,0.09967727959156036,0.4369184970855713,0.07256531715393066,0.4369184970855713,0.05220305547118187,0.4369184970855713,0.06517958641052246,0.44589316844940186
32,0.03406498581171036,0.4939419627189636,0.015157912857830524,0.4939419627189636,0.010537802241742611,0.4939419627189636,0.008970397524535656,0.4939419627189636,0.009754374623298645,0.4939419627189636,0.02097112126648426,0.4966445863246918,0.009382784366607666,0.4966445863246918,0.004851610399782658,0.4966445863246918,0.00409616157412529,0.4966445863246918,0.0037212453316897154,0.4966445863246918,0.6692743301391602,0.08799897879362106,0.37192729115486145,0.2059939205646515,0.37187066674232483,0.1671043485403061,0.37187105417251587,0.12052267044782639,0.37187105417251587,0.08220510929822922,0.37187105417251587,0.05701799318194389,0.3849058747291565,0.020337732508778572,0.49670445919036865,0.007940073497593403,0.49670445919036865,0.005732760298997164,0.49670445919036865,0.005724851507693529,0.49670445919036865,0.00489598186686635,0.49670445919036865,0.011381011456251144,0.49826616048812866,0.004547667223960161,0.49826616048812866,0.0025755404494702816,0.49826616048812866,0.002477989997714758,0.49826616048812866,0.0022298675030469894,0.49826616048812866,0.4644075632095337,0.08860567957162857,0.43699121475219727,0.12111540883779526,0.4369184970855713,0.09931347519159317,0.4369184970855713,0.0725567638874054,0.4369184970855713,0.05230306461453438,0.4369184970855713,0.06203094869852066,0.4552954137325287
33,0.033849239349365234,0.4939419627189636,0.015089080668985844,0.4939419627189636,0.010380402207374573,0.4939419627189636,0.008823628537356853,0.4939419627189636,0.009600816294550896,0.4939419627189636,0.02080025151371956,0.4966445863246918,0.009137655608355999,0.4966445863246918,0.004789434839040041,0.4966445863246918,0.00401461822912097,0.4966445863246918,0.0036629741080105305,0.4966445863246918,0.6639193892478943,0.085772804915905,0.37195178866386414,0.20545996725559235,0.37187066674232483,0.16653472185134888,0.37187105417251587,0.12002645432949066,0.37187105417251587,0.0817074403166771,0.37187105417251587,0.05616598203778267,0.3865053057670593,0.020511234179139137,0.49670445919036865,0.008040574379265308,0.49670445919036865,0.00568765914067626,0.49670445919036865,0.005338222254067659,0.49670445919036865,0.005118931643664837,0.49670445919036865,0.01145807933062315,0.49826616048812866,0.004486017860472202,0.49826616048812866,0.0026343970093876123,0.49826616048812866,0.0025731611531227827,0.49826616048812866,0.002318569691851735,0.49826616048812866,0.47663265466690063,0.0915791243314743,0.4369484484195709,0.12117251008749008,0.4369184970855713,0.09911502152681351,0.4369184970855713,0.0732014924287796,0.4369184970855713,0.05781606212258339,0.4369184970855713,0.07086265832185745,0.44601935148239136
34,0.03369314968585968,0.4939419627189636,0.01501498557627201,0.4939419627189636,0.010228980332612991,0.4939419627189636,0.008715875446796417,0.4939419627189636,0.00948327500373125,0.4939419627189636,0.020611124113202095,0.4966445863246918,0.0088081369176507,0.4966445863246918,0.0046816929243505,0.4966445863246918,0.00393080897629261,0.4966445863246918,0.0035774162970483303,0.4966445863246918,0.6602895259857178,0.08435312658548355,0.37195736169815063,0.20532387495040894,0.3718707859516144,0.16642849147319794,0.37187105417251587,0.11975913494825363,0.37187105417251587,0.08143003284931183,0.37187105417251587,0.055262308567762375,0.38771435618400574,0.020158641040325165,0.49670445919036865,0.007899552583694458,0.49670445919036865,0.005701265763491392,0.49670445919036865,0.0057348026894032955,0.49670445919036865,0.00492597371339798,0.49670445919036865,0.011366467922925949,0.49826616048812866,0.004158974625170231,0.49826616048812866,0.002952295122668147,0.49826616048812866,0.002926419721916318,0.49826616048812866,0.002564071211963892,0.49826616048812866,0.46706733107566833,0.08666855841875076,0.43695035576820374,0.12054301053285599,0.4369184970855713,0.09890829026699066,0.4369184970855713,0.07119426131248474,0.4369184970855713,0.05277729779481888,0.4369184970855713,0.07344870269298553,0.4453889727592468
